Day,Shift_U
2/20/2015,-88.8106284
2/21/2015,-87.9217231
2/22/2015,-90.3387465
2/23/2015,-89.5497182
2/24/2015,-90.288808
2/25/2015,-87.6720306
2/26/2015,-92.3762373
2/27/2015,-89.4398535
2/28/2015,-91.3375165
3/1/2015,-91.5572459
3/2/2015,-93.1053394
3/3/2015,-95.582289
3/4/2015,-94.6734083
3/5/2015,-94.983027
3/6/2015,-94.4436912
3/7/2015,-91.1677256
3/8/2015,-90.2488572
3/9/2015,-93.5048474
3/10/2015,-94.8332115
3/11/2015,-92.0766063
3/12/2015,-90.0790663
3/13/2015,-91.2476272
3/14/2015,-94.0441832
3/15/2015,-89.0703086
3/16/2015,-95.1328425
3/18/2015,-94.683396
3/19/2015,-95.7321045
3/20/2015,-91.5472582
3/21/2015,-93.6147121
3/22/2015,-84.0265201
3/23/2015,-83.796803
3/24/2015,-91.4373935
3/25/2015,-92.6359175
3/26/2015,-93.1353025
3/27/2015,-91.8968277
3/28/2015,-94.383765
3/29/2015,-95.182781
3/30/2015,-90.6583529
3/31/2015,-97.380075
4/1/2015,-89.8293738
4/2/2015,-86.8830023
4/3/2015,-92.9754993
4/4/2015,-90.3786973
4/5/2015,-94.3038634
4/6/2015,-91.0678486
4/7/2015,-87.6620429
4/8/2015,-84.5059297
4/9/2015,-88.8705546
4/10/2015,-87.6520552
4/11/2015,-91.8668646
4/12/2015,-91.1677256
4/13/2015,-93.9143431
4/14/2015,-87.991637
4/15/2015,-89.6695706
4/16/2015,-85.9741216
4/17/2015,-92.2364095
4/18/2015,-89.3499642
4/19/2015,-89.1601979
4/20/2015,-87.492252
4/21/2015,-96.1416002
4/22/2015,-91.8369015
4/23/2015,-85.8243061
4/24/2015,-90.0291278
4/25/2015,-92.4161881
4/26/2015,-88.8306038
4/27/2015,-91.1577379
4/28/2015,-89.689546
4/29/2015,-88.1514402
4/30/2015,-88.6008867
5/1/2015,-85.594589
5/2/2015,-90.88807
5/3/2015,-89.1102594
5/4/2015,-91.0978117
5/5/2015,-86.4335558
5/7/2015,-93.5747613
5/8/2015,-91.6571229
5/9/2015,-92.1465202
5/10/2015,-86.4235681
5/11/2015,-97.0604686
5/12/2015,-94.7533099
5/13/2015,-91.6471352
5/14/2015,-94.483642
5/15/2015,-86.992867
5/16/2015,-83.9066677
5/17/2015,-90.8081684
5/19/2015,-88.4510712
5/20/2015,-95.3026334
5/21/2015,-96.0017724
5/22/2015,-93.5348105
5/23/2015,-91.2975657
5/24/2015,-92.086594
5/25/2015,-93.2651426
5/26/2015,-90.0690786
5/27/2015,-93.2052164
5/28/2015,-90.3986727
5/29/2015,-94.7433222
5/30/2015,-92.7557699
5/31/2015,-92.9455362
6/1/2015,-91.1477502
6/2/2015,-96.4711943
6/3/2015,-91.786963
6/4/2015,-97.7296445
6/5/2015,-94.9131131
6/6/2015,-95.0529409
6/7/2015,-92.4960897
6/8/2015,-91.9267908
6/9/2015,-89.989177
6/10/2015,-92.5260528
6/25/2015,-93.1153271
6/26/2015,-91.3275288
6/27/2015,-90.0690786
6/28/2015,-87.1227071
6/30/2015,-89.7394845
7/1/2015,-86.8130884
7/2/2015,-86.9728916
7/3/2015,-85.7543922
7/4/2015,-88.3711696
7/5/2015,-86.7231991
7/6/2015,-88.9404685
7/7/2015,-88.790653
7/8/2015,-83.4072827
7/9/2015,-87.0328178
7/10/2015,-86.7032237
7/11/2015,-88.8106284
7/12/2015,-92.386225
7/13/2015,-86.3636419
7/14/2015,-97.87946
7/15/2015,-94.0142201
7/16/2015,-90.5984267
7/17/2015,-89.1801733
7/18/2015,-85.6445275
7/19/2015,-88.0615509
7/20/2015,-93.0354255
7/21/2015,-87.192621
7/22/2015,-96.0417232
7/23/2015,-90.1789433
7/24/2015,-89.8693246
7/25/2015,-85.9841093
7/26/2015,-89.2500872
7/27/2015,-89.9991647
7/28/2015,-87.2325718
7/29/2015,-90.9479962
7/30/2015,-87.4123504
7/31/2015,-88.9704316
8/1/2015,-92.3462742
8/2/2015,-93.984257
8/3/2015,-88.2313418
8/4/2015,-86.4535312
8/5/2015,-87.5421905
8/6/2015,-90.1689556
8/7/2015,-89.3299888
8/8/2015,-88.6807883
8/9/2015,-92.3562619
8/10/2015,-85.1151794
8/11/2015,-89.1601979
8/12/2015,-88.1314648
8/13/2015,-89.2500872
8/14/2015,-88.1414525
8/15/2015,-87.7719076
8/16/2015,-87.8118584
8/17/2015,-88.1114894
8/18/2015,-91.6471352
8/19/2015,-87.1326948
8/20/2015,-90.2288818
8/21/2015,-96.3613296
8/22/2015,-95.981797
8/23/2015,-90.388685
8/24/2015,-93.5447982
8/25/2015,-90.6483652
8/26/2015,-89.0403455
8/27/2015,-87.4423135
8/28/2015,-89.8693246
8/29/2015,-92.6459052
8/30/2015,-91.8968277
8/31/2015,-94.3238388
9/1/2015,-88.0016247
9/2/2015,-87.8018707
9/3/2015,-88.3312188
9/4/2015,-90.5385005
9/5/2015,-94.8631746
9/6/2015,-91.5172951
9/7/2015,-94.6134821
9/8/2015,-94.8132361
9/9/2015,-94.0142201
9/10/2015,-96.8407392
9/11/2015,-96.3313665
9/12/2015,-92.6558929
9/13/2015,-93.0454132
9/14/2015,-90.5484882
9/15/2015,-94.983027
9/16/2015,-97.6097921
9/17/2015,-91.88684
9/18/2015,-93.5647736
9/19/2015,-93.684626
9/20/2015,-90.3087834
9/21/2015,-92.5160651
9/22/2015,-96.2215018
9/23/2015,-91.3974427
9/24/2015,-94.3138511
9/25/2015,-94.2739003
9/26/2015,-93.0154501
9/27/2015,-94.1939987
9/28/2015,-99.1578856
9/29/2015,-91.5472582
9/30/2015,-92.2463972
10/1/2015,-92.2563849
10/2/2015,-92.3662496
10/3/2015,-91.2576149
10/4/2015,-85.1751056
10/5/2015,-92.3063234
10/6/2015,-90.0291278
10/7/2015,-88.2013787
10/8/2015,-104.87085
10/9/2015,-91.1976887
10/10/2015,-94.3238388
10/11/2015,-94.683396
10/12/2015,-90.288808
10/13/2015,-95.1628056
10/15/2015,-92.0466432
10/16/2015,-89.4498412
10/17/2015,-89.6495952
10/18/2015,-93.1353025
10/19/2015,-92.0965817
10/20/2015,-93.1253148
10/21/2015,-96.8607146
10/22/2015,-91.6471352
10/23/2015,-87.9616739
10/24/2015,-93.4349335
10/25/2015,-93.0554009
10/26/2015,-91.587209
10/27/2015,-91.487332
10/28/2015,-94.0741463
10/29/2015,-95.1228548
10/30/2015,-91.9068154
10/31/2015,-92.3662496
11/1/2015,-90.9679716
11/2/2015,-95.2526949
11/3/2015,-92.6159421
11/4/2015,-97.0604686
11/5/2015,-92.8556469
11/6/2015,-91.287578
11/7/2015,-95.88192
11/8/2015,-97.9493739
11/9/2015,-97.2901857
11/10/2015,-91.7769753
11/11/2015,-89.1601979
11/12/2015,-98.9581316
11/13/2015,-94.983027
11/14/2015,-96.8707023
11/15/2015,-96.0117601
11/16/2015,-94.0641586
11/17/2015,-93.1053394
11/18/2015,-93.9043554
11/19/2015,-91.4773443
11/20/2015,-92.9555239
11/21/2015,-95.3226088
11/22/2015,-94.9131131
11/23/2015,-94.9630516
11/24/2015,-95.7420922
11/25/2015,-94.4436912
11/26/2015,-94.0142201
11/27/2015,-94.9231008
11/28/2015,-95.3625596
11/29/2015,-93.3949827
11/30/2015,-94.0242078
12/1/2015,-95.6322275
12/2/2015,-93.2251918
12/3/2015,-85.2749826
12/4/2015,-82.1188694
12/5/2015,-94.8731623
12/6/2015,-95.782043
12/7/2015,-92.9754993
12/8/2015,-92.0166801
12/9/2015,-93.5148351
12/10/2015,-94.1540479
12/11/2015,-96.6609606
12/12/2015,-94.7233468
12/13/2015,-97.280198
12/14/2015,-95.9718093
12/15/2015,-96.5011574
12/27/2015,-98.7284145
12/28/2015,-98.2490049
12/29/2015,-98.7883407
12/30/2015,-92.6059544
12/31/2015,-91.5572459
1/1/2016,-94.7433222
1/2/2016,-90.1090294
1/3/2016,-94.9430762
1/4/2016,-98.4387712
1/5/2016,-98.378845
1/6/2016,-97.1104071
1/7/2016,-94.9530639
1/8/2016,-98.6585006
1/9/2016,-97.4599766
1/10/2016,-99.7871107
1/11/2016,-99.5973444
1/12/2016,-99.7072091
1/13/2016,-98.6884637
1/14/2016,-97.3900627
1/15/2016,-97.0305055
1/16/2016,-98.6884637
1/17/2016,-95.8219938
1/18/2016,-97.9693493
1/19/2016,-100.2565326
1/20/2016,-101.4450689
1/21/2016,-97.0005424
1/22/2016,-99.976877
1/23/2016,-100.8657823
1/24/2016,-96.3912927
1/25/2016,-102.6835437
1/26/2016,-98.3588696
1/27/2016,-102.673556
1/28/2016,-98.2390172
1/29/2016,-98.8682423
1/30/2016,-100.7259545
1/31/2016,-100.2265695
2/1/2016,-100.176631
2/2/2016,-103.1629533
2/3/2016,-102.274048
2/4/2016,-100.7359422
2/5/2016,-100.3064711
2/6/2016,-103.7022891
2/7/2016,-107.9870124
2/8/2016,-103.2528426
2/9/2016,-100.8258315
2/10/2016,-99.7471599
2/11/2016,-100.2165818
2/12/2016,-101.9444539
2/13/2016,-101.8945154
2/14/2016,-101.1254625
2/15/2016,-100.1067171
2/16/2016,-102.6336052
2/17/2016,-101.4650443
2/18/2016,-105.1604933
2/19/2016,-103.2628303
2/20/2016,-103.0630763
2/21/2016,-102.0243555
2/22/2016,-102.773433
2/23/2016,-103.2228795
2/24/2016,-101.9844047
2/25/2016,-105.1405179
2/26/2016,-101.4350812
2/27/2016,-101.1654133
2/28/2016,-100.4363112
2/29/2016,-104.9307762
3/1/2016,-102.773433
3/2/2016,-101.1054871
3/3/2016,-105.0606163
3/4/2016,-106.5787467
3/5/2016,-106.8584023
3/6/2016,-105.9894724
3/7/2016,-98.6585006
3/8/2016,-101.87454
3/9/2016,-105.5300382
3/10/2016,-104.9008131
3/11/2016,-101.8545646
3/12/2016,-105.6399029
3/13/2016,-101.3152288
3/14/2016,-106.0194355
3/15/2016,-102.8932854
3/16/2016,-104.571219
3/17/2016,-106.0394109
3/18/2016,-106.269128
3/19/2016,-107.2479226
3/20/2016,-103.1529656
3/21/2016,-102.3040111
3/22/2016,-103.8421169
3/23/2016,-104.7210345
3/24/2016,-106.7385499
3/25/2016,-101.075524
3/26/2016,-105.9595093
3/27/2016,-95.5723013
3/28/2016,-104.1517356
3/29/2016,-103.8820677
3/30/2016,-106.1293002
3/31/2016,-106.3490296
4/1/2016,-108.4464466
4/2/2016,-107.0981071
4/3/2016,-106.2791157
4/4/2016,-108.0169755
4/5/2016,-106.4389189
4/6/2016,-111.4327689
4/7/2016,-102.1641833
4/8/2016,-107.7872584
4/9/2016,-106.2791157
4/10/2016,-101.8545646
4/11/2016,-109.8347369
4/12/2016,-109.1156225
4/13/2016,-104.9008131
4/14/2016,-101.7946384
4/15/2016,-108.5862744
4/16/2016,-109.5151305
4/17/2016,-107.4876274
4/18/2016,-107.1180825
4/19/2016,-110.5139005
4/20/2016,-107.7972461
4/21/2016,-105.1904564
4/22/2016,-106.3989681
4/23/2016,-110.663716
4/24/2016,-112.5214282
4/25/2016,-107.2978611
4/26/2016,-107.9570493
4/27/2016,-105.3302842
4/28/2016,-109.3952781
4/29/2016,-106.5387959
4/30/2016,-112.4015758
5/1/2016,-106.8983531
5/2/2016,-115.457812
5/3/2016,-105.4301612
5/4/2016,-107.3877504
5/5/2016,-109.9545893
5/6/2016,-108.8559423
5/7/2016,-110.663716
5/8/2016,-112.4914651
5/9/2016,-110.6337529
5/10/2016,-107.0481686
5/11/2016,-113.360395
5/12/2016,-112.8510223
5/13/2016,-116.3766804
5/14/2016,-112.2817234
5/15/2016,-112.3216742
5/16/2016,-110.9134085
5/17/2016,-105.569989
5/18/2016,-112.0919571
5/19/2016,-110.0045278
5/20/2016,-117.7150322
5/21/2016,-111.7323999
5/22/2016,-119.3330396
5/24/2016,-114.9883901
5/25/2016,-113.460272
5/26/2016,-111.3029288
5/27/2016,-110.3141465
5/28/2016,-112.361625
5/29/2016,-108.5363359
5/30/2016,-110.5438636
5/31/2016,-108.3365819
6/1/2016,-109.6849214
6/2/2016,-107.0182055
6/3/2016,-114.7386976
6/4/2016,-113.3004688
6/5/2016,-114.958427
6/6/2016,-114.4490543
6/7/2016,-108.1967541
6/8/2016,-111.9021908
6/9/2016,-104.8308992
6/10/2016,-106.369005
6/11/2016,-109.2554503
6/12/2016,-106.9283162
6/13/2016,-104.8608623
6/14/2016,-98.2689803
6/15/2016,-103.6223875
6/16/2016,-101.8945154
6/17/2016,-102.4837897
6/18/2016,-103.5025351
6/19/2016,-106.8484146
6/20/2016,-106.2591403
6/21/2016,-104.1217725
6/22/2016,-98.8982054
6/23/2016,-105.4301612
6/24/2016,-102.9032731
6/25/2016,-105.5300382
6/26/2016,-106.2491526
6/27/2016,-105.5300382
6/28/2016,-105.5200505
6/29/2016,-110.663716
6/30/2016,-107.6074798
7/1/2016,-107.2179595
7/2/2016,-105.7397799
7/3/2016,-110.2841834
7/4/2016,-107.0781317
7/5/2016,-112.7311699
7/6/2016,-113.0707517
7/7/2016,-108.6362129
7/8/2016,-107.367775
7/9/2016,-106.169251
7/10/2016,-108.4564343
7/11/2016,-107.8371969
7/12/2016,-111.0132855
7/13/2016,-109.4352289
7/14/2016,-106.0493986
7/15/2016,-109.0556963
7/16/2016,-103.0031501
7/17/2016,-112.960887
7/18/2016,-112.9908501
7/19/2016,-111.5825844
7/20/2016,-106.7485376
7/21/2016,-109.5550813
7/22/2016,-106.3190665
7/23/2016,-107.667406
7/24/2016,-108.666176
7/25/2016,-108.6262252
7/26/2016,-105.4301612
7/27/2016,-106.7984761
7/28/2016,-107.1879964
7/29/2016,-109.4851674
7/30/2016,-109.9945401
7/31/2016,-112.2417726
8/1/2016,-105.9295462
8/2/2016,-107.1180825
8/3/2016,-107.1380579
8/4/2016,-110.0344909
8/5/2016,-109.664946
8/6/2016,-106.8084638
8/7/2016,-106.2791157
8/8/2016,-107.9370739
8/9/2016,-109.0157455
8/10/2016,-104.7609853
8/11/2016,-108.8159915
8/12/2016,-107.5076028
8/13/2016,-111.8222892
8/14/2016,-108.6462006
8/15/2016,-110.6737037
8/16/2016,-109.2055118
8/17/2016,-110.4240112
8/18/2016,-110.164331
8/19/2016,-110.9533593
8/20/2016,-111.6125475
8/21/2016,-110.5938021
8/22/2016,-109.3153765
8/23/2016,-110.8534823
8/24/2016,-110.5938021
8/25/2016,-109.6749337
8/26/2016,-110.3540973
8/27/2016,-114.0395586
8/28/2016,-108.9757947
8/29/2016,-110.6737037
8/30/2016,-111.362855
8/31/2016,-109.9046508
9/1/2016,-112.7511453
9/2/2016,-111.0032978
9/3/2016,-111.0232732
9/4/2016,-111.4028058
9/5/2016,-109.0357209
9/6/2016,-110.4739497
9/7/2016,-104.5612313
9/8/2016,-109.2154995
9/9/2016,-109.6849214
9/10/2016,-113.8497923
9/11/2016,-110.5938021
9/12/2016,-114.1993618
9/13/2016,-106.8584023
9/14/2016,-107.3378119
9/15/2016,-108.6262252
9/16/2016,-109.2454626
9/17/2016,-113.4502843
9/18/2016,-110.2042818
9/19/2016,-108.5862744
9/20/2016,-109.8946631
9/21/2016,-112.7711207
9/22/2016,-114.7187222
9/23/2016,-111.562609
9/24/2016,-113.360395
9/25/2016,-112.6912191
9/26/2016,-112.9508993
9/27/2016,-111.8822154
9/28/2016,-113.3404196
9/29/2016,-110.2841834
9/30/2016,-112.1518833
10/1/2016,-111.262978
10/2/2016,-109.4452166
10/3/2016,-112.361625
10/4/2016,-108.5762867
10/5/2016,-110.9233962
10/6/2016,-113.0407886
10/7/2016,-113.4303089
10/8/2016,-112.3716127
10/9/2016,-110.6737037
10/10/2016,-109.065684
10/11/2016,-112.0320309
10/12/2016,-109.8447246
10/13/2016,-110.5438636
10/14/2016,-110.7935561
10/15/2016,-111.1231502
10/16/2016,-110.9333839
10/17/2016,-109.5351059
10/18/2016,-114.359165
10/19/2016,-113.2904811
10/20/2016,-112.2817234
10/21/2016,-112.8010838
10/22/2016,-113.9296939
10/23/2016,-112.7811084
10/24/2016,-114.5289559
10/25/2016,-113.7499153
10/26/2016,-115.6875291
10/27/2016,-117.3255119
10/28/2016,-114.1394356
10/29/2016,-113.5301859
11/4/2016,-116.85609
11/5/2016,-115.9072585
11/6/2016,-116.8061515
11/7/2016,-116.4066435
11/8/2016,-113.6899891
11/9/2016,-111.0432486
11/10/2016,-115.6276029
11/11/2016,-116.0071355
11/12/2016,-113.7698907
11/13/2016,-116.6463483
11/14/2016,-112.7111945
11/15/2016,-113.7898661
11/16/2016,-116.4665697
11/17/2016,-119.6226829
11/18/2016,-115.3079965
11/19/2016,-114.558919
11/21/2016,-116.6663237
11/22/2016,-116.8261269
11/23/2016,-119.6326706
11/24/2016,-118.1644787
11/25/2016,-115.6875291
11/26/2016,-119.3230519
11/27/2016,-120.5016005
11/28/2016,-116.5264959
11/29/2016,-118.1245279
11/30/2016,-117.1457333
12/1/2016,-117.6950568
12/2/2016,-121.0708994
12/3/2016,-113.8997308
12/4/2016,-115.158181
12/5/2016,-113.260518
12/6/2016,-112.8010838
12/7/2016,-112.3915881
12/8/2016,-117.7250199
12/9/2016,-118.7237899
12/10/2016,-119.7025845
12/11/2016,-117.9247739
12/12/2016,-120.6913668
12/13/2016,-116.1869141
12/14/2016,-119.9822401
12/15/2016,-117.3255119
12/16/2016,-116.9759424
12/17/2016,-116.1170002
12/18/2016,-115.5277259
12/19/2016,-116.0271109
12/20/2016,-110.3740727
12/21/2016,-115.9172462
12/22/2016,-117.7050445
12/23/2016,-115.957197
12/24/2016,-116.9959178
12/25/2016,-115.3279719
12/26/2016,-110.9933101
12/27/2016,-118.154491
12/28/2016,-117.8348846
12/29/2016,-116.3766804
12/30/2016,-118.4341466
12/31/2016,-117.2855611
1/1/2017,-120.2918588
1/2/2017,-114.1893741
1/3/2017,-117.0758194
1/4/2017,-116.8660777
1/5/2017,-119.8324246
1/6/2017,-118.254368
1/7/2017,-114.6388206
1/8/2017,-117.4753274
1/9/2017,-118.5340236
1/10/2017,-116.0770494
1/11/2017,-122.9286116
1/12/2017,-117.8948108
1/13/2017,-116.0370986
1/14/2017,-120.3118342
1/15/2017,-120.651416
1/16/2017,-120.0221909
1/17/2017,-120.6114652
1/18/2017,-120.3817481
1/19/2017,-118.953507
1/20/2017,-117.1457333
1/21/2017,-115.9372216
1/22/2017,-121.4404443
1/23/2017,-125.6153029
1/24/2017,-121.1807641
1/25/2017,-117.1756964
1/26/2017,-123.5078982
1/27/2017,-119.2331626
1/28/2017,-122.5390913
1/29/2017,-117.155721
1/30/2017,-122.3093742
1/31/2017,-119.3929658
2/1/2017,-119.4229289
2/2/2017,-118.6139252
2/3/2017,-123.4180089
2/4/2017,-125.345635
2/5/2017,-120.0321786
2/6/2017,-123.4579597
2/7/2017,-126.4542697
2/8/2017,-125.2557457
2/9/2017,-124.9860778
2/10/2017,-115.5377136
2/11/2017,-121.4204689
2/12/2017,-125.5054382
2/13/2017,-125.0959425
2/14/2017,-121.84994
2/15/2017,-120.8811331
2/16/2017,-112.7910961
2/17/2017,-123.5778121
2/18/2017,-126.0347863
2/19/2017,-127.143421
2/20/2017,-118.9934578
2/21/2017,-121.9598047
2/22/2017,-125.145881
2/23/2017,-128.9212316
2/24/2017,-130.9287593
2/25/2017,-130.9287593
2/26/2017,-122.8387223
2/27/2017,-130.1597064
2/28/2017,-125.0759671
3/1/2017,-126.6739991
3/3/2017,-125.9548847
3/4/2017,-125.3056842
3/6/2017,-127.8725231
3/7/2017,-126.4043312
3/8/2017,-129.2008872
3/9/2017,-129.1709241
3/10/2017,-126.5841098
3/11/2017,-125.3656104
3/12/2017,-123.1083902
3/13/2017,-124.9161639
3/14/2017,-125.3855858
3/15/2017,-128.3918835
3/16/2017,-124.9760901
3/17/2017,-124.4966805
3/18/2017,-128.8313423
3/19/2017,-120.7712684
3/20/2017,-112.661256
3/21/2017,-128.2021172
3/22/2017,-128.7714161
3/23/2017,-127.8825108
3/24/2017,-126.3643804
3/25/2017,-126.8038392
3/26/2017,-125.3256596
3/27/2017,-127.9923755
3/28/2017,-122.3892758
3/29/2017,-129.3207396
3/30/2017,-131.8875785
3/31/2017,-132.037394
4/1/2017,-124.0372463
4/2/2017,-127.9124739
4/3/2017,-130.7889315
4/4/2017,-130.4992882
4/5/2017,-130.9287593
4/6/2017,-124.2569757
4/7/2017,-126.1246756
4/8/2017,-131.5579844
4/9/2017,-126.9636424
4/10/2017,-124.8961885
4/11/2017,-130.0198786
4/12/2017,-129.2108749
4/13/2017,-133.1859795
4/15/2017,-125.8649954
4/16/2017,-128.741453
4/17/2017,-128.7114899
4/18/2017,-131.2683411
4/19/2017,-126.4342943
4/20/2017,-130.7589684
4/21/2017,-131.1185256
4/22/2017,-125.6552537
4/23/2017,-129.2208626
4/24/2017,-129.5604444
4/25/2017,-133.1959672
4/26/2017,-133.6653891
4/27/2017,-133.6554014
4/28/2017,-135.5930152
5/8/2017,-132.337025
5/9/2017,-133.1959672
5/10/2017,-130.5592144
5/11/2017,-132.5068159
5/12/2017,-133.3158196
5/13/2017,-136.7416007
5/14/2017,-128.1222156
5/15/2017,-131.6278983
5/16/2017,-132.8663731
5/17/2017,-133.0062009
5/18/2017,-135.7628061
5/19/2017,-130.4992882
5/20/2017,-129.1309733
5/21/2017,-132.3869635
5/22/2017,-125.3955735
5/23/2017,-137.6804445
5/24/2017,-128.3619204
5/25/2017,-128.1222156
5/26/2017,-128.84133
5/27/2017,-129.2008872
5/28/2017,-130.239608
5/29/2017,-128.8513177
5/30/2017,-127.5529167
5/31/2017,-129.3007642
6/1/2017,-131.737763
6/2/2017,-127.8125969
6/3/2017,-132.7165576
6/4/2017,-130.6491037
6/5/2017,-131.0785748
6/6/2017,-127.6927445
6/7/2017,-128.9312193
6/8/2017,-123.4679474
6/9/2017,-129.640346
6/10/2017,-129.6603214
6/11/2017,-129.340715
6/12/2017,-125.6352783
6/13/2017,-125.2157949
6/14/2017,-133.0960902
6/15/2017,-134.5542944
6/16/2017,-125.3056842
6/17/2017,-128.8613054
6/18/2017,-126.4842328
6/19/2017,-128.7214776
6/20/2017,-127.4130889
6/21/2017,-131.7277753
6/22/2017,-128.84133
6/23/2017,-130.0798048
6/24/2017,-129.2008872
6/25/2017,-134.3545404
6/26/2017,-134.4044789
6/27/2017,-128.4817728
6/28/2017,-126.3044542
6/29/2017,-125.9948355
6/30/2017,-128.1122279
7/1/2017,-129.0510717
7/2/2017,-126.9336793
7/3/2017,-127.4630274
7/4/2017,-130.0698171
7/5/2017,-136.5817975
7/6/2017,-131.9674801
7/7/2017,-129.140961
7/8/2017,-129.2108749
7/9/2017,-137.430752
7/10/2017,-129.2108749
7/11/2017,-129.4006412
7/12/2017,-133.2159426
7/13/2017,-128.6116129
7/14/2017,-130.5492267
7/15/2017,-132.5967052
7/25/2017,-131.8176646
7/26/2017,-129.3207396
7/27/2017,-128.7314653
7/28/2017,-125.5054382
7/29/2017,-123.9773201
8/2/2017,-121.5702844
8/3/2017,-134.1048479
8/4/2017,-126.9636424
8/5/2017,-130.7090299
8/6/2017,-133.2159426
8/7/2017,-133.2958442
8/8/2017,-130.6690791
8/9/2017,-127.2532857
8/10/2017,-128.3918835
8/11/2017,-142.7941469
8/12/2017,-125.3356473
8/13/2017,-134.0149586
8/14/2017,-130.5592144
8/15/2017,-127.343175
8/16/2017,-125.944897
8/17/2017,-131.9874555
8/18/2017,-129.1809118
8/19/2017,-129.939977
8/20/2017,-129.8101369
8/21/2017,-127.4730151
8/22/2017,-130.1696941
8/23/2017,-131.8576154
8/24/2017,-132.7265453
8/25/2017,-129.0211086
8/26/2017,-130.4693251
8/27/2017,-129.5604444
8/28/2017,-129.6703091
8/29/2017,-131.4680951
9/1/2017,-128.4118589
9/2/2017,-127.4830028
9/3/2017,-133.2858565
9/4/2017,-131.6578614
9/5/2017,-131.1285133
9/6/2017,-128.9911455
9/7/2017,-127.143421
9/8/2017,-126.3943435
9/9/2017,-133.5455367
9/10/2017,-134.3145896
9/11/2017,-130.3994112
9/12/2017,-130.1696941
9/13/2017,-129.1709241
9/14/2017,-129.041084
9/15/2017,-130.7789438
9/16/2017,-132.337025
9/18/2017,-131.4680951
9/19/2017,-132.037394
9/20/2017,-131.138501
9/21/2017,-132.5467667
9/22/2017,-134.5842575
9/23/2017,-135.8726708
9/24/2017,-130.8788208
9/25/2017,-129.7801738
9/26/2017,-130.6990422
9/27/2017,-127.1633964
9/28/2017,-132.0973202
9/29/2017,-133.2958442
9/30/2017,-129.8500877
10/1/2017,-131.7777138
10/2/2017,-132.137271
10/3/2017,-134.3545404
10/4/2017,-133.8251923
10/5/2017,-133.8251923
10/6/2017,-143.82288
10/7/2017,-138.4994359
10/8/2017,-129.2807888
10/9/2017,-137.3208873
10/10/2017,-136.0824125
10/11/2017,-138.4195343
10/12/2017,-138.0000509
10/13/2017,-135.4631751
10/14/2017,-135.2933842
10/15/2017,-138.3496204
10/16/2017,-131.8975662
10/17/2017,-132.8064469
10/18/2017,-137.5506044
10/19/2017,-135.2034949
10/20/2017,-134.9837655
10/21/2017,-135.4531874
10/22/2017,-140.327185
10/23/2017,-143.4832982
10/24/2017,-145.9602478
10/25/2017,-136.9413547
10/26/2017,-137.6005429
10/27/2017,-137.430752
10/28/2017,-139.2585011
10/29/2017,-135.1935072
10/30/2017,-136.332105
10/31/2017,-140.3371727
11/1/2017,-138.5194113
11/2/2017,-135.4132366
11/3/2017,-139.6380337
11/4/2017,-140.8565331
11/5/2017,-140.1673818
11/6/2017,-141.0163363
11/7/2017,-140.6567791
11/8/2017,-141.0862502
11/9/2017,-133.7652661
11/10/2017,-139.6080706
11/11/2017,-140.2073326
11/12/2017,-139.4083166
11/13/2017,-142.3946389
11/14/2017,-140.8365577
11/15/2017,-143.1836672
11/16/2017,-139.2585011
11/17/2017,-138.0699648
11/18/2017,-144.0525971
11/19/2017,-139.3983289
11/20/2017,-139.5481444
11/21/2017,-137.7803215
11/22/2017,-139.0887102
11/23/2017,-137.5905552
11/24/2017,-141.0762625
11/25/2017,-143.4033966
11/26/2017,-145.5707275
11/27/2017,-139.6380337
11/28/2017,-138.5194113
11/29/2017,-144.4421174
11/30/2017,-140.4570251
12/3/2017,-137.5406167
12/4/2017,-139.3084396
12/5/2017,-138.8390177
12/6/2017,-142.0151063
12/7/2017,-138.2597311
12/8/2017,-131.438132
12/9/2017,-138.82903
12/10/2017,-137.4607151
12/11/2017,-141.1661518
12/12/2017,-139.4682428
12/13/2017,-142.8340977
12/14/2017,-141.1461764
12/15/2017,-138.6892022
12/16/2017,-140.4170743
12/17/2017,-141.5356967
12/18/2017,-141.1861272
12/19/2017,-141.5756475
12/20/2017,-141.4857582
12/21/2017,-139.4682428
12/22/2017,-138.7091776
12/23/2017,-137.0911702
12/24/2017,-138.0799525
12/25/2017,-134.9438147
12/26/2017,-138.229768
12/27/2017,-139.1186733
1/1/2018,-142.7541961
1/2/2018,-134.6641591
1/3/2018,-145.1911949
1/4/2018,-140.8964839
1/5/2018,-144.0725725
1/6/2018,-148.2274557
1/7/2018,-148.2074803
1/8/2018,-144.8316377
1/9/2018,-141.6755245
1/10/2018,-142.1649218
1/11/2018,-144.4521051
1/12/2018,-143.023864
1/13/2018,-142.1749095
1/14/2018,-141.525709
1/15/2018,-141.9651678
1/16/2018,-142.7342207
1/17/2018,-141.7754015
1/18/2018,-142.1948849
1/19/2018,-144.9614778
1/20/2018,-144.1624618
1/21/2018,-144.5120313
1/22/2018,-141.6855122
1/23/2018,-140.0675048
1/24/2018,-145.1112933
1/25/2018,-146.419682
1/26/2018,-143.4533351
1/27/2018,-147.3785012
1/28/2018,-146.1000756
1/29/2018,-145.6805922
1/30/2018,-144.921527
1/31/2018,-141.4458074
2/1/2018,-144.2823142
2/2/2018,-143.9027816
2/3/2018,-141.8353277
2/4/2018,-142.1948849
2/5/2018,-143.8029046
2/6/2018,-146.2399034
2/7/2018,-145.5607398
2/8/2018,-143.3734335
2/9/2018,-140.9464224
2/10/2018,-142.4046266
2/11/2018,-144.8016746
2/12/2018,-142.3047496
2/13/2018,-144.1724495
2/14/2018,-142.1649218
2/15/2018,-148.9965086
2/16/2018,-143.9127693
2/17/2018,-139.8178123
2/18/2018,-142.8740485
2/19/2018,-144.5619698
2/20/2018,-145.6805922
2/22/2018,-141.5956229
2/23/2018,-143.323495
2/24/2018,-145.6506291
2/25/2018,-142.2548111
2/26/2018,-142.3447004
2/27/2018,-147.9577878
2/28/2018,-144.4121543
3/1/2018,-146.2698665
3/2/2018,-145.0713425
3/3/2018,-145.2710965
3/4/2018,-145.920297
3/5/2018,-149.0664225
3/6/2018,-149.0664225
3/7/2018,-150.0651925
3/8/2018,-148.117591
3/9/2018,-145.2611088
3/10/2018,-143.2635688
3/11/2018,-149.5058813
3/12/2018,-146.4096943
3/13/2018,-149.3061273
3/14/2018,-148.217468
3/15/2018,-147.1787472
3/16/2018,-145.3410104
3/17/2018,-143.8128923
3/18/2018,-149.5358444
3/19/2018,-155.4185997
3/20/2018,-149.2561888
3/21/2018,-146.6294237
3/22/2018,-151.0339994
3/23/2018,-149.8454631
3/24/2018,-149.7655615
3/25/2018,-149.2262257
3/27/2018,-146.5794852
3/28/2018,-143.9826832
3/29/2018,-147.118821
3/30/2018,-143.5831752
3/31/2018,-151.8729662
4/1/2018,-152.4622405
4/2/2018,-148.7967546
4/3/2018,-151.2337534
4/4/2018,-150.3548358
4/5/2018,-149.6057583
4/6/2018,-150.4647005
4/7/2018,-149.8854139
4/8/2018,-154.7693992
4/9/2018,-152.0028063
4/10/2018,-150.4946636
4/11/2018,-148.317345
4/12/2018,-146.5295467
4/13/2018,-151.113901
4/14/2018,-152.7219207
4/15/2018,-154.3798789
4/16/2018,-148.616976
4/17/2018,-150.7343684
4/18/2018,-153.4410351
4/19/2018,-149.7455861
4/20/2018,-149.8954016
4/21/2018,-146.2099403
4/22/2018,-148.1775172
4/23/2018,-147.9378124
4/24/2018,-151.8929416
4/25/2018,-149.915377
4/26/2018,-145.0813302
4/27/2018,-150.4746882
4/28/2018,-150.7243807
4/29/2018,-150.1950326
4/30/2018,-153.111441
5/1/2018,-150.3248727
5/2/2018,-149.4359674
5/3/2018,-150.9341224
5/4/2018,-153.4010843
5/5/2018,-153.5309244
5/6/2018,-149.3960166
5/7/2018,-146.619436
5/8/2018,-148.9865209
5/9/2018,-145.0513671
5/10/2018,-138.7091776
5/11/2018,-153.0015763
5/12/2018,-151.2337534
5/13/2018,-151.1438641
5/14/2018,-148.1974926
5/15/2018,-151.3436181
5/16/2018,-151.5833229
5/17/2018,-147.3285627
5/18/2018,-154.010334
5/19/2018,-151.2237657
5/20/2018,-149.8554508
5/21/2018,-153.3611335
5/22/2018,-160.901847
5/23/2018,-146.319805
5/25/2018,-148.9066193
5/26/2018,-152.2624865
5/27/2018,-151.513409
5/28/2018,-149.1762872
5/29/2018,-151.5233967
5/30/2018,-146.9989686
5/31/2018,-151.5333844
6/1/2018,-149.415992
6/2/2018,-148.2374434
6/3/2018,-150.9441101
6/4/2018,-147.4983536
6/5/2018,-147.0489071
6/6/2018,-150.614516
6/7/2018,-152.8517608
6/8/2018,-148.9465701
6/9/2018,-150.9341224
6/10/2018,-151.4934336
6/11/2018,-149.5358444
6/12/2018,-146.419682
6/13/2018,-149.3760412
6/14/2018,-150.0951556
6/17/2018,-154.2300634
6/18/2018,-149.5957706
6/19/2018,-150.6844299
6/20/2018,-151.8030523
6/21/2018,-149.5058813
6/22/2018,-142.6543191
6/23/2018,-148.4871359
6/24/2018,-148.6769022
6/25/2018,-149.3660535
6/26/2018,-151.1438641
6/27/2018,-153.5808629
6/28/2018,-152.8617485
6/29/2018,-150.6444791
6/30/2018,-149.9053893
7/1/2018,-146.3997066
7/2/2018,-148.6868899
7/3/2018,-152.9416501
7/4/2018,-147.5982306
7/5/2018,-149.2961396
7/6/2018,-148.2773942
7/7/2018,-145.5008136
7/8/2018,-146.619436
7/9/2018,-147.7680215
7/10/2018,-150.9441101
7/11/2018,-153.2412811
7/12/2018,-151.1238887
7/13/2018,-151.7331384
7/14/2018,-148.1475541
7/15/2018,-148.8866439
7/16/2018,-146.4696205
7/17/2018,-150.7443561
7/18/2018,-149.7655615
7/19/2018,-148.6069883
7/20/2018,-149.0764102
7/21/2018,-148.8666685
7/22/2018,-150.6045283
7/23/2018,-154.609596
7/24/2018,-154.0003463
7/25/2018,-155.4785259
7/26/2018,-152.3723512
7/27/2018,-152.2724742
7/28/2018,-151.113901
7/29/2018,-152.4722282
7/30/2018,-154.2800019
7/31/2018,-155.7581815
8/1/2018,-152.2225357
8/2/2018,-154.3998543
8/3/2018,-151.4634705
8/4/2018,-152.6320314
8/5/2018,-149.6756722
8/6/2018,-161.8307031
8/7/2018,-154.2400511
8/8/2018,-155.3786489
8/9/2018,-157.9255124
8/10/2018,-153.8505308
8/11/2018,-158.2351311
8/12/2018,-151.8729662
8/13/2018,-155.1389441
8/14/2018,-152.7219207
8/15/2018,-156.0877756
8/16/2018,-152.7718592
8/17/2018,-152.0926956
8/18/2018,-149.6057583
8/19/2018,-148.5870129
8/20/2018,-148.9565578
8/21/2018,-151.7231507
8/22/2018,-148.8566808
8/23/2018,-149.2961396
8/24/2018,-148.2873819
8/25/2018,-150.6644545
8/26/2018,-152.3723512
8/27/2018,-152.4522528
8/28/2018,-150.5346144
8/29/2018,-152.0527448
8/30/2018,-154.210088
8/31/2018,-151.5833229
9/1/2018,-152.6220437
9/2/2018,-156.407382
9/3/2018,-156.1776649
9/4/2018,-151.2637165
9/5/2018,-155.3287104
9/6/2018,-151.7531138
9/7/2018,-150.1950326
9/8/2018,-151.7930646
9/9/2018,-149.8354754
9/10/2018,-150.0651925
9/11/2018,-151.7431261
9/12/2018,-151.713163
9/13/2018,-158.1652172
9/14/2018,-154.110211
9/15/2018,-155.1289564
9/16/2018,-154.5696452
9/17/2018,-151.1838149
9/18/2018,-151.8729662
9/19/2018,-156.6470868
9/20/2018,-163.7083907
9/22/2018,-157.9554755
9/23/2018,-159.9530155
9/25/2018,-163.9181324
9/26/2018,-160.602216
9/27/2018,-163.2489565
9/28/2018,-159.004184
9/29/2018,-160.5622652
9/30/2018,-159.3138027
10/1/2018,-161.3313181
10/2/2018,-160.6221914
10/3/2018,-158.9642332
10/4/2018,-161.8207154
10/5/2018,-159.6334091
10/8/2018,-163.7783046
10/9/2018,-163.6384768
10/10/2018,-164.7071607
10/11/2018,-162.9892763
10/12/2018,-157.1364841
10/13/2018,-164.896927
10/15/2018,-156.207628
10/16/2018,-165.8657339
10/17/2018,-164.7570992
10/18/2018,-161.5909983
10/19/2018,-166.1453895
10/20/2018,-162.4399528
10/21/2018,-158.2850696
10/22/2018,-163.7183784
10/23/2018,-156.4173697
10/24/2018,-158.5347621
10/25/2018,-159.1739749
10/26/2018,-157.9954263
10/27/2018,-162.2601742
10/28/2018,-163.9181324
10/29/2018,-164.1378618
10/30/2018,-164.5873083
10/31/2018,-165.895697
11/1/2018,-165.7458815
11/2/2018,-163.5785506
11/3/2018,-166.994344
11/4/2018,-162.9892763
11/5/2018,-161.8806416
11/6/2018,-159.8731139
11/7/2018,-159.3737289
11/8/2018,-164.3176404
11/9/2018,-162.4699159
11/10/2018,-162.7395838
11/11/2018,-163.79828
11/12/2018,-162.7695469
11/13/2018,-163.5585752
11/14/2018,-162.6496945
11/15/2018,-158.4448728
11/16/2018,-157.6858076
11/17/2018,-162.1203464
11/18/2018,-164.2776896
11/19/2018,-162.8394608
11/20/2018,-164.0779356
11/21/2018,-158.7445038
11/22/2018,-161.1815026
11/23/2018,-161.9505555
11/24/2018,-164.5573452
11/25/2018,-164.7570992
11/26/2018,-161.1315641
11/27/2018,-162.3800266
11/28/2018,-160.702093
11/29/2018,-166.2752296
11/30/2018,-161.4711459
12/1/2018,-163.3588212
12/2/2018,-161.3313181
12/3/2018,-166.195328
12/4/2018,-162.3700389
12/5/2018,-159.4436428
12/6/2018,-156.6770499
12/8/2018,-162.6097437
12/9/2018,-160.2226834
12/10/2018,-158.105291
12/11/2018,-160.1128187
12/12/2018,-159.1839626
12/13/2018,-159.603446
12/14/2018,-163.2389688
12/15/2018,-159.104061
12/16/2018,-165.3863243
12/17/2018,-160.7620192
12/18/2018,-159.1240364
12/19/2018,-160.3625112
12/20/2018,-164.6472345
12/21/2018,-159.5834706
12/22/2018,-162.8294731
12/23/2018,-164.8469885
12/24/2018,-160.702093
12/25/2018,-163.7483415
12/26/2018,-160.1927203
12/27/2018,-161.8406908
12/28/2018,-156.9167547
12/29/2018,-161.1815026
12/30/2018,-163.4487105
12/31/2018,-163.698403
1/1/2019,-161.3113427
1/2/2019,-162.3400758
1/3/2019,-159.9929663
1/4/2019,-166.1354018
1/5/2019,-166.0555002
1/6/2019,-153.3811089
1/7/2019,-155.4785259
1/8/2019,-162.0204694
1/9/2019,-155.3986243
1/10/2019,-160.8219454
1/11/2019,-164.8170254
1/12/2019,-161.101601
1/13/2019,-161.5410598
1/14/2019,-153.9404201
1/15/2019,-158.8643562
1/16/2019,-169.3015027
1/17/2019,-168.5823883
1/18/2019,-168.892007
1/19/2019,-169.191638
1/20/2019,-164.8070377
1/21/2019,-167.6435445
1/22/2019,-164.3675789
1/23/2019,-166.8545162
1/24/2019,-167.2839873
1/25/2019,-165.9456355
1/26/2019,-170.9694486
1/27/2019,-163.4886613
1/28/2019,-160.5422898
1/29/2019,-159.603446
1/30/2019,-165.0067917
1/31/2019,-166.7546392
2/1/2019,-164.697173
2/2/2019,-166.0854633
2/3/2019,-162.6097437
2/4/2019,-164.9768286
2/5/2019,-164.3675789
2/6/2019,-163.5885383
2/7/2019,-165.3563612
2/8/2019,-162.4599282
2/9/2019,-161.9305801
2/10/2019,-162.6097437
2/11/2019,-162.6097437
2/13/2019,-167.5037167
2/14/2019,-170.4600759
2/15/2019,-165.6260291
2/16/2019,-170.6398545
2/17/2019,-169.8108754
2/18/2019,-166.4649959
2/19/2019,-166.1553772
2/20/2019,-167.0342948
2/21/2019,-170.2603219
2/22/2019,-168.0130894
2/23/2019,-168.1129664
2/24/2019,-172.1979357
2/25/2019,-172.3577389
2/26/2019,-170.5000267
2/27/2019,-169.1516872
2/28/2019,-170.1804203
3/1/2019,-166.395082
3/2/2019,-165.2864473
3/3/2019,-169.7909
3/4/2019,-169.8608139
3/5/2019,-169.3714166
3/6/2019,-169.2615519
3/7/2019,-170.0505802
3/8/2019,-166.6647499
3/9/2019,-171.4188951
3/10/2019,-171.4288828
3/11/2019,-170.8595839
3/12/2019,-173.5762383
3/13/2019,-174.2354265
3/14/2019,-168.3526712
3/15/2019,-169.990654
3/24/2019,-177.0020194
4/1/2019,-172.8770993
4/2/2019,-159.0740979
4/3/2019,-169.5012567
4/4/2019,-170.2303588
4/5/2019,-177.7411092
4/6/2019,-167.4338028
4/7/2019,-169.4812813
4/8/2019,-169.5312198
4/9/2019,-173.4763613
4/10/2019,-171.7484892
4/11/2019,-175.1043564
4/12/2019,-176.1730403
4/13/2019,-170.8995347
4/14/2019,-178.3903097
4/15/2019,-176.9920317
4/17/2019,-168.3726466
4/18/2019,-172.2278988
4/19/2019,-180.8872347
4/20/2019,-167.8233231
4/21/2019,-169.0817733
4/22/2019,-171.8184031
4/23/2019,-174.7947377
4/24/2019,-172.5475052
4/25/2019,-178.4602236
4/26/2019,-175.5737783
4/27/2019,-176.4327205
5/31/2019,-172.5275298
6/1/2019,-178.3004204
6/2/2019,-173.7660046
6/3/2019,-170.5499652
6/4/2019,-174.9645286
6/5/2019,-172.8071854
6/6/2019,-174.3952297
6/7/2019,-177.7910477
6/8/2019,-174.7647746
6/9/2019,-179.6887107
6/11/2019,-171.9782063
6/12/2019,-173.6960907
6/13/2019,-171.3489812
6/14/2019,-173.4463982
6/15/2019,-166.1853403
6/16/2019,-172.6973207
6/17/2019,-174.5550329
6/18/2019,-169.6011337
6/19/2019,-172.8571239
6/20/2019,-166.6148114
6/21/2019,-167.5736306
6/29/2019,-164.9268901
6/30/2019,-175.1942457
7/1/2019,-172.2478742
7/2/2019,-175.0144671
7/3/2019,-174.7447992
7/5/2019,-174.6149591
7/5/2019,-170.3601989
7/6/2019,-169.9207401
7/7/2019,-170.3402235
7/8/2019,-174.1555249
7/10/2019,-171.0593379
7/11/2019,-167.6635199
7/12/2019,-176.8721793
7/13/2019,-177.6312445
7/14/2019,-183.4440859
7/15/2019,-174.2653896
7/16/2019,-176.7023884
7/17/2019,-179.2392642
7/18/2019,-174.6748853
7/19/2019,-185.9609863
7/20/2019,-177.2117611
7/21/2019,-171.6386245
7/22/2019,-173.3065704
7/23/2019,-170.9394855
7/24/2019,-169.691023
7/25/2019,-166.7246761
7/26/2019,-166.1753526
7/27/2019,-163.7183784
7/28/2019,-165.1166564
7/29/2019,-164.4674559
7/30/2019,-170.4600759
7/31/2019,-159.8930893
8/1/2019,-166.195328
8/2/2019,-171.1991657
8/3/2019,-172.9570009
8/4/2019,-173.686103
8/5/2019,-167.8133354
8/6/2019,-173.7759923
8/7/2019,-172.5275298
8/8/2019,-173.8059554
8/9/2019,-169.0617979
8/10/2019,-168.6822653
8/11/2019,-171.7984277
8/12/2019,-172.5375175
8/13/2019,-173.2766073
8/14/2019,-178.3703343
8/15/2019,-182.6350822
8/16/2019,-184.572696
8/17/2019,-176.6224868
8/18/2019,-176.982044
8/19/2019,-182.2155988
8/20/2019,-183.5839137
8/21/2019,-185.5914414
8/22/2019,-177.1118841
8/23/2019,-182.1456849
8/24/2019,-186.1607403
8/25/2019,-175.0444302
8/26/2019,-179.1893257
8/27/2019,-179.8385262
8/28/2019,-185.0521056
8/29/2019,-182.1956234
8/30/2019,-185.6613553
8/31/2019,-183.0545656
9/1/2019,-179.9284155
9/2/2019,-186.3604943
9/3/2019,-182.8248485
9/4/2019,-185.3217735
9/5/2019,-193.8512693
9/6/2019,-181.4065951
9/7/2019,-179.9184278
9/8/2019,-181.8460539
9/9/2019,-184.872327
9/10/2019,-193.5915891
9/11/2019,-193.2120565
9/12/2019,-189.4966321
9/13/2019,-189.2769027
9/15/2019,-191.7338769
9/16/2019,-187.868637
9/17/2019,-183.1844057
9/18/2019,-181.2567796
9/19/2019,-185.6513676
9/20/2019,-184.4428559
9/21/2019,-183.4640613
9/22/2019,-190.6851684
9/23/2019,-185.6613553
9/24/2019,-193.6914661
9/25/2019,-185.0920564
9/26/2019,-188.6876284
9/27/2019,-182.874787
9/28/2019,-184.2331142
10/8/2019,-195.8488093
10/9/2019,-197.1971488
10/10/2019,-198.9250209
10/11/2019,-200.7927208
10/12/2019,-201.3320566
10/13/2019,-198.7851931
10/14/2019,-199.5242829
10/15/2019,-197.1172472
10/16/2019,-194.6003468
10/17/2019,-194.3906051
10/18/2019,-195.259535
10/19/2019,-193.6714907
10/20/2019,-195.8288339
10/21/2019,-194.2807404
10/22/2019,-194.7701377
10/23/2019,-194.9199532
10/24/2019,-193.0522533
10/25/2019,-193.4317859
10/26/2019,-192.6527453
10/27/2019,-195.2095965
10/28/2019,-192.6427576
10/29/2019,-200.2733604
10/30/2019,-193.3119335
10/31/2019,-196.75769
11/1/2019,-194.9698917
1/17/2020,-200.5829791
1/18/2020,-196.1983788
1/19/2020,-202.051171
1/20/2020,-199.6840861
1/23/2020,-187.8186985
1/26/2020,-197.2271119
1/27/2020,-200.6229299
1/28/2020,-201.551786
1/29/2020,-198.75523
1/30/2020,-193.8912201
2/5/2020,-195.259535
2/6/2020,-195.0098425
2/7/2020,-194.7501623
2/8/2020,-192.2132865
2/9/2020,-187.4891044
2/10/2020,-200.1834711
2/11/2020,-194.660273
2/12/2020,-199.0448733
2/13/2020,-200.5030775
2/14/2020,-198.3157712
2/15/2020,-206.0762141
2/17/2020,-203.0699164
2/18/2020,-207.0250456
2/20/2020,-194.9499163
2/21/2020,-196.8475793
2/22/2020,-208.9027332
2/26/2020,-202.3308266
2/27/2020,-200.8826101
2/28/2020,-200.5130652
2/29/2020,-201.6916138
3/1/2020,-198.855107
3/2/2020,-199.9138032
3/3/2020,-203.1198549
3/4/2020,-203.8389693
3/5/2020,-206.7054392
3/21/2020,-197.0473333
3/22/2020,-199.7839631
3/23/2020,-203.5593137
3/24/2020,-201.7215769
3/25/2020,-204.8377393
3/26/2020,-210.0513187
3/27/2020,-206.7553777
3/28/2020,-202.7003715
3/29/2020,-197.8863001
3/30/2020,-201.0923518
3/31/2020,-201.3720074
4/1/2020,-199.0848241
4/2/2020,-194.9798794
4/3/2020,-205.347112
4/4/2020,-204.0886618
4/5/2020,-205.8864478
4/6/2020,-205.7166569
4/7/2020,-205.1873088
4/8/2020,-209.1224626
4/9/2020,-207.0749841
4/11/2020,-196.9374686
4/12/2020,-203.7091292
4/13/2020,-204.7878008
4/14/2020,-208.4033482
4/15/2020,-209.9214786
4/16/2020,-205.5268906
4/18/2020,-210.4108759
4/20/2020,-210.5606914
4/21/2020,-204.8677024
4/22/2020,-204.0387233
4/23/2020,-195.4193382
4/24/2020,-204.9975425
4/25/2020,-202.8701624
4/26/2020,-196.4081205
4/27/2020,-196.1883911
4/28/2020,-205.6667184
4/29/2020,-205.7066692
4/30/2020,-201.0723764
5/1/2020,-205.1673334
5/2/2020,-200.4131882
5/3/2020,-193.1820934
5/4/2020,-203.0998795
5/5/2020,-200.1634957
5/6/2020,-199.7839631
5/7/2020,-190.964824
5/8/2020,-200.8626347
5/9/2020,-202.1810111
5/20/2020,-207.2148119
5/21/2020,-206.5855868
5/22/2020,-203.149818
5/23/2020,-205.8664724
5/24/2020,-206.9950825
5/25/2020,-203.1598057
5/26/2020,-209.5918845
5/27/2020,-206.545636
5/28/2020,-203.1897688
5/29/2020,-198.4755744
5/30/2020,-204.3183789
6/1/2020,-198.655353
6/2/2020,-198.6453653
6/3/2020,-200.0036925
6/4/2020,-196.8276039
6/5/2020,-200.5330406
6/6/2020,-197.656583
6/7/2020,-212.73801
6/8/2020,-206.1760911
6/9/2020,-204.5281206
6/10/2020,-206.8252916
6/12/2020,-204.647973
6/13/2020,-201.2821181
6/14/2020,-202.2609127
6/15/2020,-201.2721304
6/16/2020,-204.1186249
6/17/2020,-203.9688094
6/18/2020,-202.7103592
6/19/2020,-205.0974195
6/20/2020,-200.7327946
6/2/2020,-198.6453653
6/3/2020,-200.0036925
6/4/2020,-196.8276039
6/5/2020,-200.5330406
6/6/2020,-197.656583
6/7/2020,-212.73801
6/8/2020,-206.1760911
6/9/2020,-204.5281206
6/10/2020,-206.8252916
6/12/2020,-204.647973
6/13/2020,-201.2821181
6/14/2020,-202.2609127
6/15/2020,-201.2721304
6/16/2020,-204.1186249
6/17/2020,-203.9688094
6/18/2020,-202.7103592
6/19/2020,-205.0974195
6/20/2020,-200.7327946
6/21/2020,-198.0760664
6/22/2020,-208.0138279
6/23/2020,-208.8927455
6/24/2020,-201.352032
6/25/2020,-206.2260296
6/26/2020,-205.1972965
6/27/2020,-208.2135819
6/28/2020,-201.9612817
6/29/2020,-200.0835941
6/30/2020,-206.6654884
7/1/2020,-207.3346643
7/2/2020,-204.6779361
7/3/2020,-204.8177639
7/4/2020,-207.6542707
7/5/2020,-202.7802731
7/6/2020,-203.449449
7/7/2020,-200.1035695
7/8/2020,-205.8864478
7/9/2020,-206.0562387
7/10/2020,-203.649203
7/11/2020,-203.9688094
7/12/2020,-205.0275056
7/13/2020,-204.2984035
7/14/2020,-213.537026
7/15/2020,-200.1435203
7/16/2020,-196.8775424
7/17/2020,-200.1734834
7/18/2020,-208.7329423
7/19/2020,-201.4918598
7/20/2020,-199.454369
7/21/2020,-204.7977885
7/22/2020,-201.6616507
7/23/2020,-205.4270136
7/24/2020,-196.657813
7/25/2020,-211.2698181
7/26/2020,-211.6593384
7/27/2020,-211.2198796
7/28/2020,-201.0723764
7/29/2020,-205.5568537
7/30/2020,-207.1548857
7/31/2020,-208.5531637
8/1/2020,-199.8938278
8/2/2020,-199.0748364
8/3/2020,-195.4093505
8/4/2020,-196.4181082
8/5/2020,-203.9887848
8/6/2020,-203.1598057
8/7/2020,-201.2122042
8/8/2020,-203.3096212
8/9/2020,-195.2395596
8/10/2020,-201.6816261
8/13/2020,-195.4493013
8/14/2020,-197.057321
8/15/2020,-198.2258819
8/16/2020,-207.1948365
8/17/2020,-207.8640124
8/18/2020,-203.9288586
8/19/2020,-202.6304576
8/20/2020,-203.1598057
8/21/2020,-201.9313186
8/22/2020,-197.2770504
8/23/2020,-200.8626347
8/24/2020,-203.2796581
8/25/2020,-206.8153039
8/26/2020,-215.7243323
8/27/2020,-209.5519337
8/28/2020,-205.8065462
8/29/2020,-209.6817738
8/30/2020,-208.5232006
8/31/2020,-209.7816508
9/1/2020,-208.1636434
9/2/2020,-209.2822658
9/3/2020,-212.9477517
9/4/2020,-206.7753531
9/5/2020,-208.7728931
9/6/2020,-207.6143199
9/7/2020,-207.7042092
9/8/2020,-208.0238156
9/9/2020,-204.1685634
9/10/2020,-211.0001502
9/11/2020,-210.0013802
9/12/2020,-209.541946
9/13/2020,-204.647973
9/14/2020,-209.5818968
9/15/2020,-206.8952055
9/16/2020,-211.1100149
9/17/2020,-215.9740248
9/18/2020,-211.2997812
9/19/2020,-208.3134589
9/20/2020,-205.1972965
9/21/2020,-210.0912695
9/22/2020,-206.0262756
9/23/2020,-211.9090309
9/24/2020,-213.3073089
9/25/2020,-212.8278993
9/26/2020,-211.0001502
9/27/2020,-218.231245
9/28/2020,-219.3898182
9/29/2020,-216.7830285
9/30/2020,-212.4583544
10/1/2020,-212.3085389
10/2/2020,-212.5682191
10/3/2020,-216.6032499
10/4/2020,-213.3172966
10/5/2020,-211.4096459
10/6/2020,-222.4660298
10/7/2020,-218.2412327
10/8/2020,-215.934074
10/9/2020,-218.6707038
10/10/2020,-220.9478994
10/11/2020,-220.0989449
10/12/2020,-216.233705
10/13/2020,-214.7155746
10/14/2020,-218.6806915
10/15/2020,-217.2124996
10/16/2020,-216.9028809
10/17/2020,-214.6955992
10/18/2020,-212.6980592
10/19/2020,-207.3246766
10/20/2020,-215.0951072
10/21/2020,-216.932844
10/22/2020,-218.8205193
10/23/2020,-217.6919092
10/24/2020,-218.2112696
10/25/2020,-213.037641
10/26/2020,-215.4147136
10/28/2020,-217.9915402
10/29/2020,-222.0864972
10/30/2020,-216.8928932
10/31/2020,-211.8990432
11/1/2020,-209.6118599
11/2/2020,-219.629523
11/3/2020,-216.4833975
11/4/2020,-216.2536804
11/5/2020,-215.5645291
11/6/2020,-210.8902855
11/7/2020,-213.3572474
11/8/2020,-213.437149
11/9/2020,-221.5871122
11/10/2020,-213.7767308
11/11/2020,-213.936534
11/12/2020,-224.7032746
11/13/2020,-226.5909499
11/14/2020,-226.8406424
11/15/2020,-231.2052673
11/16/2020,-227.8593878
11/17/2020,-225.9717125
11/18/2020,-225.5522291
11/19/2020,-229.6971246
11/20/2020,-225.9916879
11/21/2020,-225.2126473
11/22/2020,-230.116608
11/23/2020,-227.3100643
11/24/2020,-230.1665465
11/25/2020,-222.4460544
11/26/2020,-225.6521061
11/27/2020,-223.0752795
11/28/2020,-231.1852919
11/29/2020,-222.3761405
11/30/2020,-223.4448244
12/2/2020,-227.2900889
12/3/2020,-228.218945
12/4/2020,-229.7970016
12/5/2020,-232.214025
12/6/2020,-230.71587
12/7/2020,-229.0379364
12/8/2020,-228.5085883
12/9/2020,-228.1090803
12/10/2020,-231.1553288
12/11/2020,-226.6109253
12/12/2020,-230.9256117
12/13/2020,-232.6035453
12/14/2020,-231.6247507
12/15/2020,-226.5310237
12/16/2020,-222.1663988
12/17/2020,-227.9093263
12/18/2020,-221.7868662
12/19/2020,-219.8192893
12/20/2020,-224.1140003
12/21/2020,-222.0165833
12/22/2020,-219.7893262
12/23/2020,-215.3148366
12/24/2020,-207.045021
12/25/2020,-217.9416017
1/2/2021,-219.7094246
1/3/2021,-222.925464
1/4/2021,-217.0926472
1/5/2021,-220.2487604
1/6/2021,-221.1376657
1/7/2021,-220.428539
1/8/2021,-218.9703348
1/9/2021,-212.6181576
1/10/2021,-207.3047012
1/11/2021,-210.0513187
1/12/2021,-213.437149
1/20/2021,-203.5593137
1/21/2021,-215.4047259
1/22/2021,-225.7619708
1/23/2021,-223.8143693
1/24/2021,-225.821897
1/25/2021,-232.7533608
1/26/2021,-234.4512698
1/31/2021,-213.7667431
2/1/2021,-226.4411344
2/2/2021,-223.8543201
2/3/2021,-221.6869892
2/4/2021,-222.4760175
2/5/2021,-216.7031269
2/6/2021,-214.9552794
2/7/2021,-219.9591171
2/8/2021,-221.4972229
2/9/2021,-216.6432007
2/10/2021,-207.8140739
2/11/2021,-209.0525487
2/12/2021,-216.533336
2/13/2021,-225.3025366
2/14/2021,-227.020421
2/15/2021,-214.4159436
2/16/2021,-211.9889325
2/17/2021,-209.9015032
2/18/2021,-211.4995352
2/19/2021,-222.5359437
2/20/2021,-227.6096953
2/21/2021,-235.7496708
2/22/2021,-223.8343447
2/23/2021,-219.9191663
2/24/2021,-222.7157223
2/25/2021,-221.2175673
2/26/2021,-224.0540741
2/27/2021,-217.9216263
2/28/2021,-217.2724258
3/1/2021,-224.7731885
3/2/2021,-223.9941479
3/3/2021,-214.5657591
3/4/2021,-219.529646
3/5/2021,-217.5420937
3/6/2021,-215.5145906
3/7/2021,-219.7493754
3/8/2021,-217.5820445
3/9/2021,-217.2824135
3/10/2021,-223.424849
3/11/2021,-209.841577
3/12/2021,-208.0238156
3/13/2021,-229.5972476
3/14/2021,-224.9030286
3/15/2021,-222.1663988
3/16/2021,-222.7057346
3/17/2021,-222.6358207
3/18/2021,-213.5669891
3/19/2021,-210.1711711
3/20/2021,-212.4483667
3/21/2021,-227.1402734
3/22/2021,-221.627063
3/23/2021,-217.1425857
3/24/2021,-213.037641
3/25/2021,-210.9102609
3/26/2021,-218.0015279
3/27/2021,-211.9989202
3/28/2021,-225.7819462
3/29/2021,-230.71587
3/30/2021,-223.324972
3/31/2021,-229.0379364
4/1/2021,-221.0377887
4/2/2021,-217.8417247
4/3/2021,-221.7369277
4/4/2021,-226.3312697
4/5/2021,-225.022881
4/6/2021,-220.8180593
4/7/2021,-225.4124013
4/8/2021,-220.6382807
4/9/2021,-217.7418477
4/10/2021,-221.6670138
4/11/2021,-228.2888589
4/12/2021,-217.8716878
4/13/2021,-220.0689818
4/14/2021,-228.6284407
4/15/2021,-226.9804702
4/16/2021,-231.814517
4/17/2021,-235.6198307
4/18/2021,-224.4635698
4/19/2021,-223.9042586
4/20/2021,-221.3673828
4/21/2021,-226.3712205
4/22/2021,-223.5546891
4/23/2021,-222.0964849
4/24/2021,-219.9890802
4/25/2021,-224.1939019
4/26/2021,-215.0851195
4/27/2021,-218.9203963
5/1/2021,-222.8955009
5/2/2021,-225.322512
5/3/2021,-220.0889572
5/4/2021,-218.430999
5/5/2021,-219.5196583
5/6/2021,-228.8381824
5/7/2021,-218.7406177
5/8/2021,-225.5022906
5/9/2021,-224.2438404
5/10/2021,-226.3512451
5/11/2021,-222.0864972
5/12/2021,-233.013041
5/13/2021,-226.9505071
5/14/2021,-223.3449474
5/15/2021,-226.5110483
5/16/2021,-229.1577888
5/17/2021,-225.1027826
5/18/2021,-225.7719585
5/19/2021,-223.4148613
5/20/2021,-232.1441111
5/23/2021,-222.7456854
5/24/2021,-220.7980839
5/25/2021,-228.4087113
5/27/2021,-228.7982316
5/28/2021,-225.6121553
5/29/2021,-230.8257347
5/30/2021,-229.6371984
5/31/2021,-225.6121553
6/1/2021,-219.7593631
6/2/2021,-222.525956
6/3/2021,-229.9568048
6/4/2021,-224.4535821
6/5/2021,-219.4697198
6/9/2021,-225.4024136
6/10/2021,-221.0777395
6/11/2021,-230.2863989
6/12/2021,-222.2662758
6/13/2021,-220.9978379
6/14/2021,-223.0652918
6/15/2021,-233.6722292
7/19/2021,-224.3437174
7/20/2021,-233.1628565
7/21/2021,-228.3887359
7/22/2021,-232.5436191
7/23/2021,-231.8344924
7/24/2021,-230.2564358
7/25/2021,-228.7982316
7/26/2021,-231.3351074
7/27/2021,-239.1255134
7/28/2021,-224.7632008
7/29/2021,-227.9392894
7/30/2021,-233.6522538
7/31/2021,-230.0666695
8/1/2021,-236.209105
8/2/2021,-230.1565588
8/3/2021,-237.7671862
8/4/2021,-237.3976413
8/5/2021,-229.2976166
8/6/2021,-237.3976413
8/7/2021,-227.5497691
8/8/2021,-231.5947876
8/9/2021,-234.9706302
8/10/2021,-233.8520078
8/11/2021,-234.8308024
8/12/2021,-230.4062513
8/13/2021,-234.3014543
8/14/2021,-231.6647015
8/15/2021,-238.4163867
8/16/2021,-236.8383301
8/17/2021,-234.6010853
8/18/2021,-228.0291787
8/19/2021,-229.0778872
8/20/2021,-237.6772969
8/21/2021,-238.4263744
8/22/2021,-233.8919586
8/23/2021,-231.8245047
8/24/2021,-230.7857839
8/25/2021,-233.1828319
8/26/2021,-228.3387974
8/27/2021,-235.310212
8/28/2021,-228.518576
8/29/2021,-234.3214297
8/30/2021,-232.8732132
8/31/2021,-227.1402734
9/1/2021,-236.5786499
9/2/2021,-231.6946646
9/3/2021,-231.4649475
9/4/2021,-229.4274567
9/5/2021,-238.5961653
9/6/2021,-241.5924753
9/7/2021,-238.4263744
9/8/2021,-234.9906056
9/9/2021,-232.3638405
9/10/2021,-239.0156487
9/11/2021,-239.9844556
9/12/2021,-240.9532625
9/13/2021,-233.5224137
9/14/2021,-232.3538528
9/15/2021,-235.3301874
9/16/2021,-230.1565588
9/18/2021,-237.0580595
9/19/2021,-236.5686622
9/20/2021,-235.3201997
9/21/2021,-233.6622415
9/22/2021,-233.4624875
9/23/2021,-234.0018233
9/24/2021,-233.3326474
9/25/2021,-233.8819709
9/26/2021,-244.7585762
9/27/2021,-247.1156734
9/28/2021,-248.394099
9/29/2021,-241.7522785
9/30/2021,-242.601233
10/1/2021,-246.8160424
10/2/2021,-255.3355505
10/3/2021,-251.4503352
10/4/2021,-247.6550092
10/5/2021,-246.1468665
10/6/2021,-243.300372
10/7/2021,-252.3592159
10/8/2021,-251.5202491
10/10/2021,-255.1657596
10/11/2021,-248.6837423
10/12/2021,-246.7161654
10/13/2021,-246.496436
10/14/2021,-247.2455135
10/15/2021,-246.8460055
10/16/2021,-242.1517865
10/17/2021,-238.3165097
10/18/2021,-235.0605195
10/19/2021,-235.9594125
10/20/2021,-237.8171247
10/21/2021,-240.4438898
10/22/2021,-244.2591912
10/23/2021,-234.5910976
10/24/2021,-239.4151567
10/25/2021,-243.1205934
10/26/2021,-246.9558702
10/27/2021,-249.193115
10/28/2021,-250.0121064
10/29/2021,-247.7748616
10/30/2021,-247.0757226
10/31/2021,-249.8223401
11/2/2021,-239.3652182
11/3/2021,-238.2765589
11/7/2021,-241.0231764
11/8/2021,-238.9157717
11/9/2021,-237.7771739
11/10/2021,-235.7496708
11/11/2021,-244.1792896
11/12/2021,-240.603693
11/13/2021,-242.7310731
11/14/2021,-235.6198307
11/15/2021,-237.107998
11/16/2021,-238.8957963
11/18/2021,-244.7785516
11/20/2021,-239.5350091
11/21/2021,-227.8394124
11/22/2021,-235.7996093
11/23/2021,-237.6373461
11/24/2021,-234.9007163
